"","niva_glm","niva_gam","niva_gbm1","niva_gbm2"
"1",0.512664045731858,0.544829624162403,0.724822789023827,0.726028073407964
