"","ndviM_glm","ndviM_gam","ndviM_gbm1","ndviM_gbm2"
"1",0.876428918674908,0.88079033266199,0.911875824710049,0.916070560455587
