"","slopePR_glm","slopePR_gam","slopePR_gbm1","slopePR_gbm2"
"1",0.768467853030031,0.774936640426574,0.816069058907791,0.821181739372066
